Link Text,URL
,/
Pacific Islands Legal Information Institute,/
Home,/
About PacLII,/paclii/index.html
Recent Updates,/recent_updates.shtml
Terms of Use,/paclii/terms_of_use.html
Search,/form/search/
Help,/paclii/help/
Feedback,/paclii/feedback.html
Advanced Search,/form/search/
LawCite,/lawcite/
Search Help,../paclii/help/search.html
American Samoa,countries/as.html
CNMI,countries/mp.html
Cook Islands,countries/ck.html
Fiji,countries/fj.html
FSM,countries/fm.html
Guam,countries/gu.html
Kiribati,countries/ki.html
Marshall Islands,countries/mh.html
Nauru,countries/nr.html
Niue,countries/nu.html
Nouvelle Cal√©donie,countries/nc.html
Palau,countries/pw.html
Papua New Guinea,countries/pg.html
Pitcairn Islands,countries/pn.html
Samoa,countries/ws.html
Solomon Islands,countries/sb.html
Tokelau,countries/tk.html
Tonga,countries/to.html
Tuvalu,countries/tv.html
Vanuatu,../countries/vu.html
Pacific Legal Gateway,/gateway/
Subject Libraries,/paclii/subject_libraries.html
Map of the Pacific Islands,/maps/
,http://www.law.vanuatu.usp.ac.fj/
"University 
  of the South Pacific School of Law",http://law.usp.ac.fj/
AustLII,http://www.austlii.edu.au/
"Montreal 
  Declaration on Public Access to Law.",http://www.paclii.org/other/Montrealdec.html
,http://www.falm.info/
Free Access to Law Movement,http://www.falm.info/
